{
    "name": "root",
    "metadata": {
        "timer_format_version": "0.1.0",
        "start_time_seconds": "1591976571",
        "python_version": "3.7.7 (default, May  6 2020, 04:59:01) \n[Clang 4.0.1 (tags/RELEASE_401/final)]",
        "command_line_arguments": "/Users/jaimito/opt/anaconda3/envs/ml-agents-1.0/bin/mlagents-learn Hummingbird.yaml --run-id hb_02",
        "mlagents_version": "0.17.0",
        "mlagents_envs_version": "0.17.0",
        "communication_protocol_version": "1.0.0",
        "tensorflow_version": "2.2.0",
        "end_time_seconds": "1591978661"
    },
    "total": 2089.616207099,
    "count": 1,
    "self": 0.03100990999973874,
    "children": {
        "run_training.setup": {
            "total": 0.017408989999999847,
            "count": 1,
            "self": 0.017408989999999847
        },
        "TrainerController.start_learning": {
            "total": 2089.567788199,
            "count": 1,
            "self": 26.743625955999505,
            "children": {
                "TrainerController._reset_env": {
                    "total": 15.971264319,
                    "count": 1,
                    "self": 15.971264319
                },
                "TrainerController.advance": {
                    "total": 2045.3491136950004,
                    "count": 28639,
                    "self": 0.808618074999913,
                    "children": {
                        "env_step": {
                            "total": 2044.5404956200005,
                            "count": 28639,
                            "self": 1970.6680183529652,
                            "children": {
                                "SubprocessEnvManager._take_step": {
                                    "total": 72.9595045990196,
                                    "count": 28639,
                                    "self": 3.313361072003829,
                                    "children": {
                                        "NNPolicy.evaluate": {
                                            "total": 69.64614352701577,
                                            "count": 28639,
                                            "self": 69.64614352701577
                                        }
                                    }
                                },
                                "workers": {
                                    "total": 0.9129726680157546,
                                    "count": 28638,
                                    "self": 0.0,
                                    "children": {
                                        "worker_root": {
                                            "total": 2024.0218235800023,
                                            "count": 28638,
                                            "is_parallel": true,
                                            "self": 208.8091755359908,
                                            "children": {
                                                "run_training.setup": {
                                                    "total": 0.0,
                                                    "count": 0,
                                                    "is_parallel": true,
                                                    "self": 0.0,
                                                    "children": {
                                                        "steps_from_proto": {
                                                            "total": 0.005737276999997931,
                                                            "count": 1,
                                                            "is_parallel": true,
                                                            "self": 0.0005329660000015224,
                                                            "children": {
                                                                "_process_vector_observation": {
                                                                    "total": 0.005204310999996409,
                                                                    "count": 8,
                                                                    "is_parallel": true,
                                                                    "self": 0.005204310999996409
                                                                }
                                                            }
                                                        },
                                                        "UnityEnvironment.step": {
                                                            "total": 0.05251421999999906,
                                                            "count": 1,
                                                            "is_parallel": true,
                                                            "self": 0.0002399629999985109,
                                                            "children": {
                                                                "UnityEnvironment._generate_step_input": {
                                                                    "total": 0.00021319999999747097,
                                                                    "count": 1,
                                                                    "is_parallel": true,
                                                                    "self": 0.00021319999999747097
                                                                },
                                                                "communicator.exchange": {
                                                                    "total": 0.051221619999999746,
                                                                    "count": 1,
                                                                    "is_parallel": true,
                                                                    "self": 0.051221619999999746
                                                                },
                                                                "steps_from_proto": {
                                                                    "total": 0.0008394370000033291,
                                                                    "count": 1,
                                                                    "is_parallel": true,
                                                                    "self": 0.00015514700000807125,
                                                                    "children": {
                                                                        "_process_vector_observation": {
                                                                            "total": 0.0006842899999952579,
                                                                            "count": 8,
                                                                            "is_parallel": true,
                                                                            "self": 0.0006842899999952579
                                                                        }
                                                                    }
                                                                }
                                                            }
                                                        }
                                                    }
                                                },
                                                "UnityEnvironment.step": {
                                                    "total": 1815.2126480440115,
                                                    "count": 28637,
                                                    "is_parallel": true,
                                                    "self": 12.024284931989314,