{
    "name": "root",
    "gauges": {
        "Hummingbird.Policy.Entropy.mean": {
            "value": 1.4124952554702759,
            "min": 1.4124952554702759,
            "max": 1.419970154762268,
            "count": 100
        },
        "Hummingbird.Policy.ExtrinsicValueEstimate.mean": {
            "value": -0.0011280894977971911,
            "min": -0.06741632521152496,
            "max": 0.08058422803878784,
            "count": 100
        },
        "Hummingbird.Environment.EpisodeLength.mean": {
            "value": 999.0,
            "min": 999.0,
            "max": 999.0,
            "count": 100
        },
        "Hummingbird.Environment.CumulativeReward.mean": {
            "value": 0.0,
            "min": -1.6111111111111112,
            "max": 0.03720198571681976,
            "count": 100
        },
        "Hummingbird.Policy.ExtrinsicReward.mean": {
            "value": 0.0,
            "min": -1.6111111111111112,
            "max": 0.03720198571681976,
            "count": 100
        },
        "Hummingbird.IsTraining.mean": {
            "value": 1.0,
            "min": 1.0,
            "max": 1.0,
            "count": 100
        },
        "Hummingbird.Losses.ValueLoss.mean": {
            "value": 2.2108035409473814e-05,
            "min": 2.03769432118861e-05,
            "max": 0.012281491421163082,
            "count": 47
        },
        "Hummingbird.Losses.PolicyLoss.mean": {
            "value": 0.059321172535419464,
            "min": 0.04892570525407791,
            "max": 0.12784209847450256,
            "count": 47
        },
        "Hummingbird.Policy.LearningRate.mean": {
            "value": 4.49290610049502e-06,
            "min": 4.49290610049502e-06,
            "max": 0.00029366399394348264,
            "count": 47
        },
        "Hummingbird.Policy.Epsilon.mean": {
            "value": 0.10149762034416199,
            "min": 0.10149762034416199,
            "max": 0.19788797199726105,
            "count": 47
        },
        "Hummingbird.Policy.Beta.mean": {
            "value": 8.473035268252715e-05,
            "min": 8.473035268252715e-05,
            "max": 0.004894611891359091,
            "count": 47
        }
    },
    "metadata": {
        "timer_format_version": "0.1.0",
        "start_time_seconds": "1591978872",
        "python_version": "3.7.7 (default, May  6 2020, 04:59:01) \n[Clang 4.0.1 (tags/RELEASE_401/final)]",
        "command_line_arguments": "/Users/jaimito/opt/anaconda3/envs/ml-agents-1.0/bin/mlagents-learn Hummingbird.yaml --run-id hb_03",
        "mlagents_version": "0.17.0",
        "mlagents_envs_version": "0.17.0",
        "communication_protocol_version": "1.0.0",
        "tensorflow_version": "2.2.0",
        "end_time_seconds": "1591989053"
    },
    "total": 10180.401648038,
    "count": 1,
    "self": 0.0865717719989334,
    "children": {
        "run_training.setup": {
            "total": 0.014275366999999761,
            "count": 1,
            "self": 0.014275366999999761
        },
        "TrainerController.start_learning": {
            "total": 10180.300800899,
            "count": 1,
            "self": 93.03804239596138,
            "children": {
                "TrainerController._reset_env": {
                    "total": 14.422609561999998,
                    "count": 1,
                    "self": 14.422609561999998
                },
                "TrainerController.advance": {
                    "total": 10072.34540264504,
                    "count": 125129,
                    "self": 3.4703455380276864,
                    "children": {
                        "env_step": {
                            "total": 10068.875057107012,
                            "count": 125129,
                            "self": 9751.169345716802,
                            "children": {
                                "SubprocessEnvManager._take_step": {
                                    "total": 314.2614316171981,
                                    "count": 125129,
                                    "self": 13.674495091976382,
                                    "children": {
                                        "NNPolicy.evaluate": {
                                            "total": 300.58693652522174,
                                            "count": 125129,
                                            "self": 300.58693652522174
                                        }
                                    }
                                },
                                "workers": {
                                    "total": 3.444279773012063,
                                    "count": 125129,
                                    "self": 0.0,
                                    "children": {
                                        "worker_root": {
                                            "total": 10168.941612048044,
                                            "count": 125129,
                                            "is_parallel": true,
                                            "self": 831.3683354759432,
                                            "children": {
                                                "run_training.setup": {
                                                    "total": 0.0,
                                                    "count": 0,
                                                    "is_parallel": true,
                                                    "self": 0.0,
                                                    "children": {
                                                        "steps_from_proto": {
                                                            "total": 0.0045636549999983345,
                                                            "count": 1,
                                                            "is_parallel": true,
                                                            "self": 0.00025508700000287376,
                                                            "children": {
                                                                "_process_vector_observation": {
                                                                    "total": 0.004308567999995461,
                                                                    "count": 8,
                                                                    "is_parallel": true,
                                                                    "self": 0.004308567999995461
                                                                }
                                                            }
                                                        },
                                                        "UnityEnvironment.step": {
                                                            "total": 0.03767250599999983,
                                                            "count": 1,
                                                            "is_parallel": true,
                                                            "self": 0.0002922820000037518,
                                                            "children": {
                                                                "UnityEnvironment._generate_step_input": {
                                                                    "total": 0.0002360409999973001,
                                                                    "count": 1,
                                                                    "is_parallel": true,
                                                                    "self": 0.0002360409999973001
                                                                },
                                                                "communicator.exchange": {
                                                                    "total": 0.036342880999999494,