{"count":1,"self":20497.4129152,"total":29895.7976556,"children":{"AgentSendState":{"count":5000651,"self":390.6771968,"total":1814.9100564,"children":{"CollectObservations":{"count":6000786,"self":109.4285568,"total":109.4285548,"children":null},"CollectDiscreteActionMasks":{"count":6000786,"self":42.8342016,"total":42.8342032,"children":null},"AgentInfo.ToProto":{"count":6000786,"self":127.6937088,"total":1271.9700888999998,"children":{"GenerateSensorData":{"count":6000786,"self":386.5528832,"total":1144.2763780999999,"children":{"RayPerceptionSensor.Perceive":{"count":18002358,"self":757.72349439999994,"total":757.7234849,"children":null}}}}}}},"DecideAction":{"count":5000651,"self":7325.5837696,"total":7325.5837716,"children":null},"AgentAct":{"count":5000651,"self":256.6165504,"total":257.8857815,"children":{"AgentInfo.ToProto":{"count":6000,"self":0.1658903,"total":1.2692272999999998,"children":{"GenerateSensorData":{"count":6000,"self":0.3627741,"total":1.103337,"children":{"RayPerceptionSensor.Perceive":{"count":18000,"self":0.74056289999999991,"total":0.74056289999999991,"children":null}}}}}}}},"gauges":{"Hummingbird.CumulativeReward":{"count":6000,"max":61.8616943,"min":-28.5,"runningAverage":25.6649227,"value":32.9412651,"weightedAverage":43.7688828}},"metadata":{"timer_format_version":"0.1.0","start_time_seconds":"1592184379","unity_version":"2019.3.15f1","command_line_arguments":"C:\\Program Files\\Unity\\Hub\\Editor\\2019.3.15f1\\Editor\\Unity.exe -projectpath C:\/Users\/aesti\/Repos\/Unity-ML-Agents -useHub -hubIPC -cloudEnvironment production -hubSessionId 15dcd710-ae2c-11ea-99ee-3bf4c837bbd0 -accessToken w-XwCZQNt8OOaddkTygZ1oEX_Bou-PopvYK75xyJ95A004f","communication_protocol_version":"1.0.0","com.unity.ml-agents_version":"1.0.2","scene_name":"Training","end_time_seconds":"1592214272"}}