{
    "name": "root",
    "gauges": {
        "Hummingbird.Policy.Entropy.mean": {
            "value": 1.3281595706939697,
            "min": 1.3281595706939697,
            "max": 1.419711947441101,
            "count": 600
        },
        "Hummingbird.Policy.ExtrinsicValueEstimate.mean": {
            "value": 4.692680358886719,
            "min": -0.08771979808807373,
            "max": 4.966310977935791,
            "count": 600
        },
        "Hummingbird.Environment.EpisodeLength.mean": {
            "value": 999.0,
            "min": 999.0,
            "max": 999.0,
            "count": 600
        },
        "Hummingbird.Environment.CumulativeReward.mean": {
            "value": 45.30726904760707,
            "min": -3.2142857142857144,
            "max": 52.64755892753601,
            "count": 600
        },
        "Hummingbird.Policy.ExtrinsicReward.mean": {
            "value": 45.30726904760707,
            "min": -3.2142857142857144,
            "max": 52.64755892753601,
            "count": 600
        },
        "Hummingbird.IsTraining.mean": {
            "value": 1.0,
            "min": 1.0,
            "max": 1.0,
            "count": 600
        },
        "Hummingbird.Losses.ValueLoss.mean": {
            "value": 0.2878579795360565,
            "min": 3.21707921102643e-05,
            "max": 0.31693580746650696,
            "count": 296
        },
        "Hummingbird.Losses.PolicyLoss.mean": {
            "value": 0.042311351746320724,
            "min": 0.021113937720656395,
            "max": 0.10311296582221985,
            "count": 296
        },
        "Hummingbird.Policy.LearningRate.mean": {
            "value": 3.000960191457125e-07,
            "min": 3.000960191457125e-07,
            "max": 0.0002989848144352436,
            "count": 296
        },
        "Hummingbird.Policy.Epsilon.mean": {
            "value": 0.10010001808404922,
            "min": 0.10010001808404922,
            "max": 0.19966164231300354,
            "count": 296
        },
        "Hummingbird.Policy.Beta.mean": {
            "value": 1.4989931514719501e-05,
            "min": 1.4989931514719501e-05,
            "max": 0.004983113147318363,
            "count": 296
        }
    },
    "metadata": {
        "timer_format_version": "0.1.0",
        "start_time_seconds": "1592184367",
        "python_version": "3.7.7 (default, May  6 2020, 11:45:54) [MSC v.1916 64 bit (AMD64)]",
        "command_line_arguments": "C:\\Users\\aesti\\.conda\\envs\\mlagents-1.0\\Scripts\\mlagents-learn Hummingbird.yaml --run-id hb_r03",
        "mlagents_version": "0.17.0",
        "mlagents_envs_version": "0.17.0",
        "communication_protocol_version": "1.0.0",
        "tensorflow_version": "2.2.0",
        "end_time_seconds": "1592214277"
    },
    "total": 29909.7387267,
    "count": 1,
    "self": 6.7295433999970555,
    "children": {
        "run_training.setup": {
            "total": 0.034737899999999655,
            "count": 1,
            "self": 0.034737899999999655
        },
        "TrainerController.start_learning": {
            "total": 29902.974445400003,
            "count": 1,
            "self": 424.83002830001715,
            "children": {
                "TrainerController._reset_env": {
                    "total": 12.0484904,
                    "count": 1,
                    "self": 12.0484904
                },
                "TrainerController.advance": {
                    "total": 29465.49611559998,
                    "count": 1000129,
                    "self": 17.659189300338767,
                    "children": {
                        "env_step": {
                            "total": 29447.836926299642,
                            "count": 1000129,
                            "self": 27808.023111498827,
                            "children": {
                                "SubprocessEnvManager._take_step": {
                                    "total": 1620.4514915003517,
                                    "count": 1000129,
                                    "self": 59.0798778996425,
                                    "children": {
                                        "NNPolicy.evaluate": {
                                            "total": 1561.3716136007092,
                                            "count": 1000129,
                                            "self": 1561.3716136007092
                                        }
                                    }
                                },
                                "workers": {
                                    "total": 19.362323300464862,
                                    "count": 1000129,
                                    "self": 0.0,
                                    "children": {
                                        "worker_root": {
                                            "total": 29846.402866900044,
                                            "count": 1000129,
                                            "is_parallel": true,
                                            "self": 3927.263975400063,
                                            "children": {
                                                "steps_from_proto": {
                                                    "total": 0.0008347999999998024,
                                                    "count": 1,
                                                    "is_parallel": true,
                                                    "self": 0.0001746999999969745,
                                                    "children": {
                                                        "_process_vector_observation": {
                                                            "total": 0.0006601000000028279,
                                                            "count": 8,
                                                            "is_parallel": true,
                                                            "self": 0.0006601000000028279
                                                        }
                                                    }
                                                },
                                                "UnityEnvironment.step": {
                                                    "total": 25919.13805669998,
                                                    "count": 1000129,
                                                    "is_parallel": true,
                                                    "self": 197.46674930078007,
                                                    "children": {
                                                        "UnityEnvironment._generate_step_input": {
                                                            "total": 191.98718720117012,
                                                            "count": 1000129,
                                                            "is_parallel": true,
                                                            "self": 191.98718720117012
                                                        },
                                                        "communicator.exchange": {
                                                            "total": 24720.189369499087,
                                                            "count": 1000129,
                                                            "is_parallel": true,
                                                            "self": 24720.189369499087
                                                        },
                                                        "steps_from_proto": {
                                                            "total": 809.4947506989427,
                                                            "count": 1000129,
                                                            "is_parallel": true,